Stage,Trial,N-back,Stimulus,Response,Correct,RT
1,1,1,yellow,,True,
1,2,1,yellow,,False,
1,3,1,yellow,,False,
1,4,1,orange,,True,
1,5,1,yellow,,True,
1,6,1,orange,space,False,0.1687856999997166
1,7,1,orange,space,True,0.27347569999983534
1,8,1,orange,space,True,0.31561259999944014
1,9,1,orange,space,True,0.2920875999989221
1,10,1,orange,space,True,0.35599480000018957
1,11,1,orange,space,True,0.24597069999799714
1,12,1,orange,space,True,0.35816159999740194
1,13,1,yellow,space,False,0.24392409999927622
1,14,1,blue,space,False,0.7178425999991305
1,15,1,blue,,False,
1,16,1,blue,,True,
1,17,1,blue,,False,
1,18,1,blue,,False,
1,19,1,yellow,,True,
1,20,1,blue,,True,
1,21,1,yellow,,True,
1,22,1,yellow,,False,
1,23,1,blue,,True,
1,24,1,yellow,,True,
1,25,1,yellow,,False,
1,26,1,blue,,True,
1,27,1,blue,,False,
1,28,1,blue,,False,
1,29,1,blue,,True,
1,30,1,orange,,True,
